datetime,timestamp,temperature,pressure,humidity,gas_resistance,gas_resistance_math,gas_wait,res_heat,status
NA,20100,22.74,93040.10,56.41,64434.937500,6.443494e+04,255,68,B0
NA,30202,22.84,93031.67,53.67,66081.570313,6.608157e+04,255,68,B0
NA,40303,22.79,93025.40,53.37,67121.132813,6.712113e+04,255,68,B0
NA,50404,22.80,93022.77,53.89,65473.144531,6.547314e+04,255,68,B0
NA,60505,22.94,93018.69,54.59,64483.628906,6.448363e+04,255,68,B0
NA,70606,23.07,93019.01,54.74,62822.085937,6.282209e+04,255,68,B0
NA,80707,23.09,93016.81,54.59,64630.144531,6.463014e+04,255,68,B0
NA,90808,23.11,93019.99,54.11,65523.417969,6.552342e+04,255,68,B0
NA,100909,23.16,93017.10,55.16,65928.406250,6.592841e+04,255,68,B0
NA,111010,23.19,93020.20,54.52,64630.144531,6.463014e+04,255,68,B0
NA,121111,23.22,93020.13,54.59,66441.734375,6.644173e+04,255,68,B0
NA,131212,23.17,93022.66,53.03,70213.929688,7.021393e+04,255,68,B0
NA,141313,23.19,93018.41,54.78,68577.554688,6.857755e+04,255,68,B0
NA,151414,23.25,93018.82,55.01,66701.406250,6.670141e+04,255,68,B0
NA,161515,23.28,93018.89,54.51,67546.171875,6.754617e+04,255,68,B0
NA,171616,23.35,93019.44,55.60,66338.429688,6.633843e+04,255,68,B0
NA,181717,23.42,93019.95,54.61,65222.929687,6.522293e+04,255,68,B0
NA,191818,23.39,93029.46,53.34,70855.242188,7.085524e+04,255,68,B0
NA,201919,23.34,93020.28,52.14,73163.757813,7.316376e+04,255,68,B0
NA,212020,23.34,93019.52,53.10,67015.703125,6.701570e+04,255,68,B0
NA,222121,23.46,93018.48,54.47,69584.125000,6.958412e+04,255,68,B0
NA,232223,23.44,93023.81,52.62,72665.343750,7.266534e+04,255,68,B0
NA,242324,23.36,93021.30,52.00,73038.515625,7.303852e+04,255,68,B0
NA,252425,23.29,93021.13,52.19,74181.398438,7.418140e+04,255,68,B0
NA,262526,23.20,93022.18,51.93,75227.742188,7.522774e+04,255,68,B0
NA,272627,23.11,93021.13,51.90,74375.359375,7.437536e+04,255,68,B0
NA,282728,23.02,93019.20,52.55,72295.960938,7.229596e+04,255,68,B0
NA,292829,22.95,93020.13,52.68,73289.437500,7.328944e+04,255,68,B0
NA,302930,22.89,93022.17,52.75,73478.757813,7.347876e+04,255,68,B0
NA,313031,22.82,93021.55,52.73,73289.437500,7.328944e+04,255,68,B0
NA,323132,22.77,93023.58,52.73,71930.320313,7.193032e+04,255,68,B0
NA,333233,22.74,93025.37,52.80,71091.367188,7.109137e+04,255,68,B0
NA,343334,22.66,93022.05,52.96,70387.679688,7.038768e+04,255,68,B0
NA,353435,22.62,93023.20,52.97,70213.929688,7.021393e+04,255,68,B0
NA,363536,22.57,93021.20,53.17,70271.757813,7.027176e+04,255,68,B0
NA,373637,22.54,93021.71,53.48,69697.796875,6.969780e+04,255,68,B0
NA,383738,22.52,93024.03,53.50,70098.578125,7.009858e+04,255,68,B0
NA,393839,22.49,93022.16,53.61,68965.515625,6.896552e+04,255,68,B0
NA,403940,22.47,93021.31,53.65,68303.093750,6.830309e+04,255,68,B0
NA,414041,22.44,93024.63,53.57,69189.187500,6.918919e+04,255,68,B0
NA,424142,22.41,93025.88,53.67,68909.828125,6.890983e+04,255,68,B0
NA,434243,22.40,93027.08,53.73,69021.296875,6.902130e+04,255,68,B0
NA,444344,22.40,93026.98,53.70,68577.554688,6.857755e+04,255,68,B0
NA,454445,22.36,93026.92,53.73,69470.828125,6.947083e+04,255,68,B0
NA,464546,22.33,93024.73,53.75,70855.242188,7.085524e+04,255,68,B0
NA,474647,22.32,93026.50,53.80,71568.351563,7.156835e+04,255,68,B0
NA,484748,22.29,93027.43,53.84,72051.789063,7.205179e+04,255,68,B0
NA,494849,22.28,93025.45,53.84,73289.437500,7.328944e+04,255,68,B0
NA,504950,22.28,93025.19,53.75,72234.765625,7.223477e+04,255,68,B0
NA,515051,22.28,93027.02,53.79,71809.257813,7.180926e+04,255,68,B0
NA,525152,22.25,93024.81,53.93,73796.484375,7.379648e+04,255,68,B0
NA,535253,22.24,93027.67,53.81,72727.273438,7.272727e+04,255,68,B0
NA,545354,22.23,93027.38,54.03,73605.523438,7.360552e+04,255,68,B0
NA,555455,22.22,93027.25,53.92,73101.085938,7.310109e+04,255,68,B0
NA,565556,22.21,93028.09,53.93,74116.968750,7.411697e+04,255,68,B0
NA,575657,22.22,93028.98,53.94,72051.789063,7.205179e+04,255,68,B0
NA,585758,22.21,93029.13,54.05,72295.960938,7.229596e+04,255,68,B0
NA,595859,22.23,93025.27,54.21,71991.000000,7.199100e+04,255,68,B0
NA,605960,22.23,93022.68,54.13,70271.757813,7.027176e+04,255,68,B0
NA,616061,22.22,93026.45,54.02,71388.734375,7.138873e+04,255,68,B0
NA,626162,22.22,93032.03,53.98,71688.601563,7.168860e+04,255,68,B0
NA,636263,22.19,93028.64,54.04,71448.507813,7.144851e+04,255,68,B0
NA,646364,22.17,93028.26,54.08,70914.125000,7.091412e+04,255,68,B0
NA,656465,22.11,93029.64,54.17,71150.640625,7.115064e+04,255,68,B0
NA,666566,22.08,93027.21,54.26,70737.773438,7.073777e+04,255,68,B0
NA,676667,22.04,93024.80,54.40,70973.109375,7.097311e+04,255,68,B0
NA,686768,22.05,93026.69,54.47,68522.484375,6.852248e+04,255,68,B0
NA,696869,22.04,93027.12,54.53,67976.632813,6.797663e+04,255,68,B0
NA,706970,22.04,93026.77,54.60,67760.718750,6.776072e+04,255,68,B0
NA,717071,22.04,93029.31,54.61,67121.132813,6.712113e+04,255,68,B0
NA,727172,22.02,93028.96,54.58,68030.828125,6.803083e+04,255,68,B0
NA,737273,22.00,93028.46,54.48,71388.734375,7.138873e+04,255,68,B0
NA,747374,21.98,93028.50,54.46,70679.179688,7.067918e+04,255,68,B0
NA,757475,21.98,93026.54,54.54,71150.640625,7.115064e+04,255,68,B0
NA,767576,21.98,93027.16,54.58,71269.484375,7.126948e+04,255,68,B0
NA,777677,21.99,93028.42,54.57,71508.382813,7.150838e+04,255,68,B0
NA,787778,22.00,93029.31,54.53,69697.796875,6.969780e+04,255,68,B0
NA,797879,21.99,93026.94,54.59,69133.132813,6.913313e+04,255,68,B0
NA,807980,21.98,93027.60,54.74,67814.570313,6.781457e+04,255,68,B0
NA,818081,21.97,93027.48,54.79,66805.843750,6.680584e+04,255,68,B0
NA,828182,21.98,93028.78,54.86,64925.183594,6.492518e+04,255,68,B0
NA,838283,21.99,93027.61,54.88,64337.773437,6.433777e+04,255,68,B0
NA,848384,21.98,93025.46,54.78,64096.144531,6.409614e+04,255,68,B0
NA,858485,21.97,93024.87,54.77,62914.722656,6.291472e+04,255,68,B0
NA,868586,21.97,93025.41,54.83,63570.894531,6.357089e+04,255,68,B0
NA,878687,21.98,93026.88,54.77,63856.324219,6.385632e+04,255,68,B0
NA,888788,21.98,93026.34,54.75,65024.128906,6.502413e+04,255,68,B0
NA,898889,21.97,93027.95,54.70,67015.703125,6.701570e+04,255,68,B0
NA,908990,21.98,93029.42,54.59,68965.515625,6.896552e+04,255,68,B0
NA,919091,21.98,93028.02,54.64,69983.593750,6.998359e+04,255,68,B0
NA,929192,21.99,93026.84,54.59,70445.789063,7.044579e+04,255,68,B0
NA,939293,21.99,93027.74,54.56,71568.351563,7.156835e+04,255,68,B0
NA,949394,21.99,93026.94,54.51,72173.664063,7.217366e+04,255,68,B0
NA,959495,22.01,93026.84,54.46,71448.507813,7.144851e+04,255,68,B0
NA,969596,22.01,93028.53,54.46,73478.757813,7.347876e+04,255,68,B0
NA,979697,22.01,93027.74,54.48,77201.445313,7.720145e+04,255,68,B0
NA,989798,22.01,93024.53,54.36,78120.234375,7.812023e+04,255,68,B0
NA,999899,22.01,93027.02,54.32,81166.773438,8.116677e+04,255,68,B0
NA,1010000,22.01,93029.10,54.38,82262.210938,8.226221e+04,255,68,B0
NA,1020101,22.01,93028.63,54.36,83797.054688,8.379705e+04,255,68,B0
NA,1030202,22.02,93026.43,54.31,85819.648438,8.581965e+04,255,68,B0
NA,1040303,22.02,93027.04,54.15,89510.492188,8.951049e+04,255,68,B0
NA,1050404,22.03,93026.62,54.11,88033.015625,8.803302e+04,255,68,B0
NA,1060505,22.04,93028.30,54.20,87223.171875,8.722317e+04,255,68,B0
NA,1070606,22.05,93031.39,54.24,87134.101563,8.713410e+04,255,68,B0
NA,1080707,22.06,93030.48,54.23,86868.000000,8.686800e+04,255,68,B0
NA,1090808,22.06,93027.60,54.11,84544.250000,8.454425e+04,255,68,B0
NA,1100909,22.07,93026.19,54.24,65222.929687,6.522293e+04,255,68,B0
NA,1111010,22.09,93028.40,54.24,60591.714844,6.059171e+04,255,68,B0
NA,1121111,22.10,93030.09,54.20,56017.503906,5.601750e+04,255,68,B0
NA,1131212,22.10,93030.81,54.25,54689.167969,5.468917e+04,255,68,B0
NA,1141313,22.07,93031.23,54.24,57142.855469,5.714286e+04,255,68,B0
NA,1151414,22.06,93032.08,54.19,59245.546875,5.924555e+04,255,68,B0
NA,1161515,22.06,93028.61,54.28,57028.292969,5.702829e+04,255,68,B0
NA,1171616,22.07,93029.79,54.36,56017.503906,5.601750e+04,255,68,B0
NA,1181717,22.07,93028.19,54.40,56091.148437,5.609115e+04,255,68,B0
NA,1191818,22.08,93029.54,54.18,57761.734375,5.776173e+04,255,68,B0
NA,1201919,22.08,93030.47,54.11,55870.796875,5.587080e+04,255,68,B0
NA,1212020,22.07,93030.38,54.16,53522.894531,5.352289e+04,255,68,B0
NA,1222121,22.09,93032.09,54.20,49980.476562,4.998048e+04,255,68,B0
NA,1232222,22.10,93033.05,54.23,51769.464844,5.176946e+04,255,68,B0
NA,1242323,22.11,93033.49,54.34,50304.578125,5.030458e+04,255,68,B0
NA,1252424,22.12,93035.10,54.38,50723.203125,5.072320e+04,255,68,B0
NA,1262525,22.14,93034.52,54.30,52244.898437,5.224490e+04,255,68,B0
NA,1272626,22.13,93034.71,54.34,52696.582031,5.269658e+04,255,68,B0
NA,1282727,22.14,93035.45,54.26,56499.667969,5.649967e+04,255,68,B0
NA,1292828,22.13,93034.07,54.06,54340.902344,5.434090e+04,255,68,B0
NA,1302929,22.14,93037.76,54.05,54237.289062,5.423729e+04,255,68,B0
NA,1313030,22.14,93037.76,54.06,49951.218750,4.995122e+04,255,68,B0
NA,1323131,22.15,93037.77,54.09,49230.769531,4.923077e+04,255,68,B0
NA,1333232,22.16,93037.55,54.09,48120.300781,4.812030e+04,255,68,B0
NA,1343333,22.16,93038.20,54.11,50662.972656,5.066297e+04,255,68,B0
NA,1353434,22.17,93039.04,54.07,52212.929687,5.221293e+04,255,68,B0
NA,1363535,22.19,93042.70,54.08,51800.890625,5.180089e+04,255,68,B0
NA,1373636,22.19,93042.60,54.10,53222.453125,5.322245e+04,255,68,B0
NA,1383737,22.19,93041.38,54.06,54829.726562,5.482973e+04,255,68,B0
NA,1393838,22.20,93041.51,53.95,53623.796875,5.362380e+04,255,68,B0
NA,1403939,22.19,93041.46,54.01,52925.367187,5.292537e+04,255,68,B0
NA,1414040,22.19,93039.43,54.01,53962.902344,5.396290e+04,255,68,B0
NA,1424141,22.18,93043.78,54.11,54479.675781,5.447968e+04,255,68,B0
NA,1434242,22.17,93039.93,54.09,55220.015625,5.522002e+04,255,68,B0
NA,1444343,22.18,93042.00,54.03,56128.042969,5.612804e+04,255,68,B0
NA,1454444,22.17,93044.80,54.01,57489.332031,5.748933e+04,255,68,B0
NA,1464545,22.16,93042.38,54.02,59827.062500,5.982706e+04,255,68,B0
NA,1474646,22.16,93042.80,54.13,59953.160156,5.995316e+04,255,68,B0
NA,1484747,22.17,93044.84,54.22,60292.039062,6.029204e+04,255,68,B0
NA,1494848,22.17,93045.77,54.11,61955.468750,6.195547e+04,255,68,B0
NA,1504949,22.17,93044.50,54.07,63241.105469,6.324111e+04,255,68,B0
NA,1515050,22.17,93046.36,54.01,62591.687500,6.259169e+04,255,68,B0
NA,1525151,22.17,93046.75,54.09,63523.574219,6.352357e+04,255,68,B0
NA,1535252,22.17,93045.95,54.17,63007.628906,6.300763e+04,255,68,B0
NA,1545353,22.18,93045.77,54.07,63429.136719,6.342914e+04,255,68,B0
NA,1555454,22.18,93045.52,54.03,63760.898437,6.376090e+04,255,68,B0
NA,1565555,22.20,93044.42,54.03,64386.316406,6.438632e+04,255,68,B0
NA,1575656,22.19,93043.83,53.94,65674.703125,6.567470e+04,255,68,B0
NA,1585757,22.20,93044.98,53.92,66235.445313,6.623545e+04,255,68,B0
NA,1595858,22.20,93044.85,53.93,67015.703125,6.701570e+04,255,68,B0
NA,1605959,22.22,93043.71,53.99,66649.312500,6.664931e+04,255,68,B0
NA,1616060,22.22,93045.61,53.95,66390.039063,6.639004e+04,255,68,B0
NA,1626161,22.23,93046.59,53.87,65928.406250,6.592841e+04,255,68,B0
NA,1636262,22.22,93045.83,53.84,66493.507813,6.649351e+04,255,68,B0
NA,1646363,22.22,93045.58,53.82,67173.968750,6.717397e+04,255,68,B0
NA,1656464,22.21,93046.88,53.92,68909.828125,6.890983e+04,255,68,B0
NA,1666565,22.22,93045.49,54.18,68248.468750,6.824847e+04,255,68,B0
NA,1676666,22.23,93045.99,54.16,67386.156250,6.738616e+04,255,68,B0
NA,1686767,22.23,93046.76,54.03,68303.093750,6.830309e+04,255,68,B0
NA,1696868,22.23,93046.30,54.06,69697.796875,6.969780e+04,255,68,B0
NA,1706969,22.23,93046.80,53.92,68030.828125,6.803083e+04,255,68,B0
NA,1717070,22.22,93046.88,53.94,67922.523438,6.792252e+04,255,68,B0
NA,1727171,22.22,93045.75,53.92,66701.406250,6.670141e+04,255,68,B0
NA,1737272,22.20,93046.33,53.99,66493.507813,6.649351e+04,255,68,B0
NA,1747373,22.20,93046.75,54.13,67279.898438,6.727990e+04,255,68,B0
NA,1757474,22.20,93045.06,54.11,66338.429688,6.633843e+04,255,68,B0
NA,1767575,22.18,93047.73,54.14,65877.507813,6.587751e+04,255,68,B0
NA,1777676,22.17,93044.66,54.17,66858.187500,6.685819e+04,255,68,B0
NA,1787777,22.17,93043.54,53.97,66649.312500,6.664931e+04,255,68,B0
NA,1797878,22.13,93047.50,54.04,65422.949219,6.542295e+04,255,68,B0
NA,1807979,22.13,93041.18,54.08,65322.785156,6.532279e+04,255,68,B0
NA,1818080,22.11,93038.91,54.12,66493.507813,6.649351e+04,255,68,B0
NA,1828181,22.13,93045.04,54.21,66441.734375,6.644173e+04,255,68,B0
NA,1838282,22.10,93043.25,54.25,68909.828125,6.890983e+04,255,68,B0
NA,1848383,22.11,93041.28,54.05,69245.335938,6.924534e+04,255,68,B0
NA,1858484,22.08,93041.21,54.05,70796.460938,7.079646e+04,255,68,B0
NA,1868585,22.08,93043.16,54.01,72418.671875,7.241867e+04,255,68,B0
NA,1878686,22.08,93044.40,54.06,72727.273438,7.272727e+04,255,68,B0
NA,1888787,22.08,93037.63,54.09,73038.515625,7.303852e+04,255,68,B0
NA,1898888,22.10,93040.47,54.12,71448.507813,7.144851e+04,255,68,B0
NA,1908989,22.10,93038.77,54.29,72112.679688,7.211268e+04,255,68,B0
NA,1919090,22.12,93044.10,54.21,72665.343750,7.266534e+04,255,68,B0
NA,1929191,22.13,93043.65,54.25,72727.273438,7.272727e+04,255,68,B0
NA,1939292,22.15,93040.81,54.18,71809.257813,7.180926e+04,255,68,B0
NA,1949393,22.16,93040.61,54.24,73860.359375,7.386036e+04,255,68,B0
NA,1959494,22.16,93040.19,54.17,75227.742188,7.522774e+04,255,68,B0
NA,1969595,22.16,93041.66,54.02,76715.609375,7.671561e+04,255,68,B0
NA,1979696,22.16,93038.95,53.93,76715.609375,7.671561e+04,255,68,B0
NA,1989797,22.16,93040.98,53.97,74700.906250,7.470091e+04,255,68,B0
NA,1999898,22.16,93038.41,54.03,77552.257813,7.755226e+04,255,68,B0
NA,2009999,22.15,93042.55,53.74,77906.265625,7.790627e+04,255,68,B0
NA,2020100,22.14,93039.80,53.79,76167.804688,7.616780e+04,255,68,B0

